provider_id,specialty,category,county,county_type,latitude,longitude,panel_capacity,accepting_new_patients,next_available_appt_days,telehealth_available
PRV-1001,Primary Care,Primary Care,Central Metro,Urban,40.01828,-85.0624,1273,True,8,True
PRV-1002,Primary Care,Primary Care,Central Metro,Urban,39.98103,-85.00101,2010,True,3,True
PRV-1003,Primary Care,Primary Care,Central Metro,Urban,40.02805,-85.05156,2037,True,6,True
PRV-1004,Primary Care,Primary Care,Central Metro,Urban,39.95914,-84.92665,1704,True,4,False
PRV-1005,Primary Care,Primary Care,Central Metro,Urban,40.02476,-84.97415,1966,True,3,False
PRV-1006,Primary Care,Primary Care,Central Metro,Urban,39.94959,-85.04947,1946,True,7,True
PRV-1007,Primary Care,Primary Care,Central Metro,Urban,40.007,-84.98688,1983,False,8,True
PRV-1008,Primary Care,Primary Care,Central Metro,Urban,40.03788,-85.08743,1627,True,4,False
PRV-1009,Primary Care,Primary Care,Central Metro,Urban,39.94805,-84.9419,1843,True,1,True
PRV-1010,Primary Care,Primary Care,Central Metro,Urban,40.0476,-85.02092,1748,True,4,False
PRV-1011,Primary Care,Primary Care,Central Metro,Urban,39.94483,-84.97017,1684,True,5,True
PRV-1012,Primary Care,Primary Care,Central Metro,Urban,39.98144,-84.97259,1696,True,3,True
PRV-1013,Primary Care,Primary Care,Central Metro,Urban,39.97184,-84.99925,1979,True,7,False
PRV-1014,Primary Care,Primary Care,Central Metro,Urban,39.99522,-85.10124,1530,True,1,True
PRV-1015,Primary Care,Primary Care,Central Metro,Urban,39.97731,-84.92205,1547,True,4,False
PRV-1016,Primary Care,Primary Care,Central Metro,Urban,39.97966,-84.94958,1864,True,1,True
PRV-1017,Primary Care,Primary Care,Central Metro,Urban,40.00433,-85.03177,2232,True,6,False
PRV-1018,Primary Care,Primary Care,Central Metro,Urban,40.01076,-84.9868,1896,True,10,True
PRV-1019,Primary Care,Primary Care,Central Metro,Urban,39.96161,-85.05559,1971,False,4,True
PRV-1020,Primary Care,Primary Care,Central Metro,Urban,39.93907,-84.98119,2586,True,8,True
PRV-1021,Primary Care,Primary Care,Central Metro,Urban,39.87208,-84.98394,1634,False,3,True
PRV-1022,Primary Care,Primary Care,Central Metro,Urban,40.00942,-85.00952,1668,True,2,True
PRV-1023,Primary Care,Primary Care,Central Metro,Urban,40.10608,-84.99218,1480,False,9,True
PRV-1024,Primary Care,Primary Care,Central Metro,Urban,40.12771,-85.04928,2051,True,8,True
PRV-1025,Primary Care,Primary Care,Central Metro,Urban,39.99755,-85.03929,1469,True,6,True
PRV-1026,Primary Care,Primary Care,Central Metro,Urban,40.09475,-84.9904,2152,True,5,True
PRV-1027,Primary Care,Primary Care,Central Metro,Urban,40.06638,-84.97427,1469,True,11,False
PRV-1028,Primary Care,Primary Care,Central Metro,Urban,40.10342,-85.01077,1501,True,4,True
PRV-1029,Primary Care,Primary Care,Central Metro,Urban,39.97632,-85.00031,2180,True,4,True
PRV-1030,Primary Care,Primary Care,Central Metro,Urban,39.87699,-85.00292,1562,True,3,True
PRV-1031,Primary Care,Primary Care,Central Metro,Urban,39.92042,-84.99816,2070,True,3,True
PRV-1032,Primary Care,Primary Care,Central Metro,Urban,39.99073,-85.04176,1847,True,4,False
PRV-1033,Primary Care,Primary Care,Central Metro,Urban,40.01369,-84.84895,1722,True,13,True
PRV-1034,Primary Care,Primary Care,Central Metro,Urban,40.01894,-84.92765,1220,True,3,True
PRV-1035,Primary Care,Primary Care,Central Metro,Urban,39.96823,-85.05261,1403,True,5,False
PRV-1036,Primary Care,Primary Care,Central Metro,Urban,39.93419,-84.88979,1700,True,20,True
PRV-1037,Primary Care,Primary Care,Central Metro,Urban,39.94079,-85.01472,1698,True,8,False
PRV-1038,Primary Care,Primary Care,Central Metro,Urban,39.98571,-85.01598,1927,True,6,False
PRV-1039,Primary Care,Primary Care,Central Metro,Urban,40.02111,-84.99681,1885,True,5,False
PRV-1040,Primary Care,Primary Care,Central Metro,Urban,40.12559,-84.9056,1499,True,6,False
PRV-1041,Primary Care,Primary Care,Central Metro,Urban,40.02881,-85.10468,1500,True,8,True
PRV-1042,Primary Care,Primary Care,Central Metro,Urban,40.00315,-85.01753,1841,True,5,True
PRV-1043,Primary Care,Primary Care,Central Metro,Urban,39.98579,-84.98941,1325,True,6,False
PRV-1044,Primary Care,Primary Care,Central Metro,Urban,39.90797,-84.94817,1515,True,4,True
PRV-1045,Primary Care,Primary Care,Central Metro,Urban,40.03496,-84.89606,2270,True,10,True
PRV-1046,Primary Care,Primary Care,Central Metro,Urban,39.98221,-84.99601,1481,True,3,True
PRV-1047,Primary Care,Primary Care,Central Metro,Urban,40.00422,-84.92973,1997,True,8,False
PRV-1048,Primary Care,Primary Care,Central Metro,Urban,39.92968,-85.0311,1611,True,11,False
PRV-1049,Primary Care,Primary Care,Central Metro,Urban,39.92701,-85.04027,1964,True,6,True
PRV-1050,Primary Care,Primary Care,Central Metro,Urban,40.00432,-84.97517,1640,True,12,False
PRV-1051,Primary Care,Primary Care,Central Metro,Urban,40.08856,-84.9779,2019,True,8,True
PRV-1052,Primary Care,Primary Care,Central Metro,Urban,40.01406,-84.98378,1758,True,3,True
PRV-1053,Primary Care,Primary Care,Central Metro,Urban,39.93649,-85.0075,1577,True,11,True
PRV-1054,Primary Care,Primary Care,Central Metro,Urban,40.00069,-84.92026,1949,True,8,True
PRV-1055,Primary Care,Primary Care,Central Metro,Urban,39.87979,-84.90374,2153,True,4,False
PRV-1056,OB/GYN,Primary Care,Central Metro,Urban,39.90392,-85.04765,1562,True,11,True
PRV-1057,OB/GYN,Primary Care,Central Metro,Urban,40.00326,-85.02831,1531,False,11,True
PRV-1058,OB/GYN,Primary Care,Central Metro,Urban,40.0318,-85.04228,1684,True,8,True
PRV-1059,OB/GYN,Primary Care,Central Metro,Urban,39.98405,-85.00705,1208,True,14,True
PRV-1060,OB/GYN,Primary Care,Central Metro,Urban,39.9593,-84.95503,1745,True,7,False
PRV-1061,OB/GYN,Primary Care,Central Metro,Urban,39.95383,-84.91878,1366,True,9,False
PRV-1062,OB/GYN,Primary Care,Central Metro,Urban,39.97852,-84.95178,1588,True,21,False
PRV-1063,OB/GYN,Primary Care,Central Metro,Urban,39.99213,-85.10985,1379,True,14,True
PRV-1064,OB/GYN,Primary Care,Central Metro,Urban,40.02567,-85.01135,1797,True,10,True
PRV-1065,OB/GYN,Primary Care,Central Metro,Urban,40.06403,-85.01989,1470,True,16,True
PRV-1066,OB/GYN,Primary Care,Central Metro,Urban,40.12462,-84.99584,1309,True,9,True
PRV-1067,OB/GYN,Primary Care,Central Metro,Urban,40.01883,-85.05,1248,False,2,False
PRV-1068,OB/GYN,Primary Care,Central Metro,Urban,40.11623,-84.93364,1408,True,4,True
PRV-1069,OB/GYN,Primary Care,Central Metro,Urban,40.03715,-85.02036,1501,True,15,True
PRV-1070,OB/GYN,Primary Care,Central Metro,Urban,40.08599,-84.99451,1461,True,12,False
PRV-1071,OB/GYN,Primary Care,Central Metro,Urban,39.94891,-84.96006,1435,True,16,False
PRV-1072,OB/GYN,Primary Care,Central Metro,Urban,40.05613,-85.10988,1163,True,7,False
PRV-1073,OB/GYN,Primary Care,Central Metro,Urban,39.95683,-85.09015,1374,True,28,True
PRV-1074,Behavioral Health,Behavioral,Central Metro,Urban,39.98216,-84.99403,946,True,11,False
PRV-1075,Behavioral Health,Behavioral,Central Metro,Urban,40.05387,-84.90226,1080,True,6,False
PRV-1076,Behavioral Health,Behavioral,Central Metro,Urban,39.97345,-84.9127,1111,True,13,False
PRV-1077,Behavioral Health,Behavioral,Central Metro,Urban,39.97309,-84.97286,827,True,4,True
PRV-1078,Behavioral Health,Behavioral,Central Metro,Urban,39.95281,-85.10119,875,True,7,True
PRV-1079,Behavioral Health,Behavioral,Central Metro,Urban,40.0122,-85.06051,951,True,18,True
PRV-1080,Behavioral Health,Behavioral,Central Metro,Urban,40.1221,-85.00523,760,True,10,True
PRV-1081,Behavioral Health,Behavioral,Central Metro,Urban,39.96917,-85.05333,906,True,12,False
PRV-1082,Behavioral Health,Behavioral,Central Metro,Urban,40.04436,-85.00958,925,True,8,False
PRV-1083,Behavioral Health,Behavioral,Central Metro,Urban,40.01572,-85.05398,1080,True,14,True
PRV-1084,Behavioral Health,Behavioral,Central Metro,Urban,40.02181,-85.1446,755,True,5,True
PRV-1085,Behavioral Health,Behavioral,Central Metro,Urban,39.9294,-85.05025,734,True,14,True
PRV-1086,Behavioral Health,Behavioral,Central Metro,Urban,39.90089,-85.07686,1009,True,9,True
PRV-1087,Behavioral Health,Behavioral,Central Metro,Urban,40.03092,-85.03465,814,True,24,True
PRV-1088,Behavioral Health,Behavioral,Central Metro,Urban,40.02689,-85.10114,931,True,16,True
PRV-1089,Behavioral Health,Behavioral,Central Metro,Urban,39.9516,-85.07696,817,True,18,True
PRV-1090,Behavioral Health,Behavioral,Central Metro,Urban,40.00193,-84.98387,827,True,8,True
PRV-1091,Behavioral Health,Behavioral,Central Metro,Urban,39.93756,-85.14477,845,True,28,False
PRV-1092,Behavioral Health,Behavioral,Central Metro,Urban,39.98283,-85.0114,970,True,5,True
PRV-1093,Behavioral Health,Behavioral,Central Metro,Urban,40.12316,-84.98968,983,True,10,True
PRV-1094,Behavioral Health,Behavioral,Central Metro,Urban,39.89616,-84.99014,876,True,9,False
PRV-1095,Behavioral Health,Behavioral,Central Metro,Urban,40.03524,-84.98084,1063,True,7,True
PRV-1096,Cardiology,Specialty,Central Metro,Urban,39.99895,-85.05415,892,True,8,True
PRV-1097,Cardiology,Specialty,Central Metro,Urban,39.96864,-85.15388,1071,True,16,False
PRV-1098,Cardiology,Specialty,Central Metro,Urban,40.02096,-84.85704,1169,True,13,True
PRV-1099,Cardiology,Specialty,Central Metro,Urban,40.0751,-85.03128,1342,True,8,True
PRV-1100,Cardiology,Specialty,Central Metro,Urban,39.97451,-84.98116,794,True,9,False
PRV-1101,Cardiology,Specialty,Central Metro,Urban,39.86078,-85.05782,1400,False,5,False
PRV-1102,Cardiology,Specialty,Central Metro,Urban,39.99658,-84.93705,1300,True,5,False
PRV-1103,Cardiology,Specialty,Central Metro,Urban,39.99918,-84.9579,1162,True,5,False
PRV-1104,Cardiology,Specialty,Central Metro,Urban,40.04114,-85.02106,1403,True,5,True
PRV-1105,Cardiology,Specialty,Central Metro,Urban,39.94463,-84.91233,994,True,12,True
PRV-1106,Cardiology,Specialty,Central Metro,Urban,40.0035,-84.96708,1228,True,9,False
PRV-1107,Cardiology,Specialty,Central Metro,Urban,39.90281,-85.13484,1016,True,18,False
PRV-1108,Cardiology,Specialty,Central Metro,Urban,40.05585,-84.89214,1039,True,14,True
PRV-1109,Cardiology,Specialty,Central Metro,Urban,39.9391,-84.87707,1034,True,26,True
PRV-1110,Cardiology,Specialty,Central Metro,Urban,40.02655,-84.92502,1314,False,15,False
PRV-1111,Cardiology,Specialty,Central Metro,Urban,40.00502,-85.03337,1511,True,4,True
PRV-1112,Endocrinology,Specialty,Central Metro,Urban,40.08104,-84.99928,1165,True,15,True
PRV-1113,Endocrinology,Specialty,Central Metro,Urban,39.99693,-85.00478,1101,True,33,True
PRV-1114,Endocrinology,Specialty,Central Metro,Urban,39.98783,-85.06495,893,True,12,True
PRV-1115,Endocrinology,Specialty,Central Metro,Urban,39.8928,-85.00736,1269,True,22,True
PRV-1116,Endocrinology,Specialty,Central Metro,Urban,39.93498,-84.97932,1281,True,16,True
PRV-1117,Endocrinology,Specialty,Central Metro,Urban,39.98085,-84.98697,1141,True,11,False
PRV-1118,Endocrinology,Specialty,Central Metro,Urban,40.01869,-85.02412,911,True,15,False
PRV-1119,Endocrinology,Specialty,Central Metro,Urban,39.93028,-85.127,1105,True,3,True
PRV-1120,Endocrinology,Specialty,Central Metro,Urban,39.83963,-84.97624,1037,True,30,True
PRV-1121,Oncology,Specialty,Central Metro,Urban,39.98042,-84.91435,1285,True,11,True
PRV-1122,Oncology,Specialty,Central Metro,Urban,39.9944,-84.99214,1127,True,5,True
PRV-1123,Oncology,Specialty,Central Metro,Urban,39.97829,-85.02939,1041,True,7,False
PRV-1124,Oncology,Specialty,Central Metro,Urban,40.0255,-85.11622,783,True,6,True
PRV-1125,Oncology,Specialty,Central Metro,Urban,39.95839,-84.95014,912,True,1,False
PRV-1126,Oncology,Specialty,Central Metro,Urban,39.93953,-84.95654,706,True,4,False
PRV-1127,Oncology,Specialty,Central Metro,Urban,39.99379,-85.00168,833,True,5,False
PRV-1128,Oncology,Specialty,Central Metro,Urban,40.01734,-84.9253,744,True,3,True
PRV-1129,Orthopedics,Specialty,Central Metro,Urban,39.9755,-84.99769,1168,True,6,False
PRV-1130,Orthopedics,Specialty,Central Metro,Urban,39.90786,-84.97662,1609,True,8,False
PRV-1131,Orthopedics,Specialty,Central Metro,Urban,39.98647,-85.07662,1153,True,8,False
PRV-1132,Orthopedics,Specialty,Central Metro,Urban,39.96267,-84.94076,1112,True,14,False
PRV-1133,Orthopedics,Specialty,Central Metro,Urban,39.88715,-85.01907,1188,True,4,True
PRV-1134,Orthopedics,Specialty,Central Metro,Urban,39.98982,-84.97517,1301,True,7,True
PRV-1135,Orthopedics,Specialty,Central Metro,Urban,40.09884,-84.98142,1282,False,11,False
PRV-1136,Orthopedics,Specialty,Central Metro,Urban,40.0127,-84.94682,1356,True,10,False
PRV-1137,Orthopedics,Specialty,Central Metro,Urban,39.82416,-84.97703,1073,False,10,False
PRV-1138,Orthopedics,Specialty,Central Metro,Urban,39.97096,-84.86542,1615,True,8,False
PRV-1139,Orthopedics,Specialty,Central Metro,Urban,39.99342,-85.00214,1155,True,3,False
PRV-1140,Orthopedics,Specialty,Central Metro,Urban,39.98303,-85.00637,1105,True,9,True
PRV-1141,Orthopedics,Specialty,Central Metro,Urban,39.97526,-85.08501,1001,True,10,True
PRV-1142,Orthopedics,Specialty,Central Metro,Urban,40.02246,-84.96208,1240,True,3,False
PRV-1143,Dermatology,Specialty,Central Metro,Urban,40.08876,-84.89234,1474,True,28,True
PRV-1144,Dermatology,Specialty,Central Metro,Urban,40.00785,-84.95057,1312,True,13,False
PRV-1145,Dermatology,Specialty,Central Metro,Urban,40.02041,-84.9598,1479,True,11,False
PRV-1146,Dermatology,Specialty,Central Metro,Urban,39.96996,-85.09931,1410,True,7,False
PRV-1147,Dermatology,Specialty,Central Metro,Urban,40.03718,-84.97961,1529,True,17,True
PRV-1148,Dermatology,Specialty,Central Metro,Urban,39.86919,-84.99784,1649,True,14,True
PRV-1149,Dermatology,Specialty,Central Metro,Urban,40.02911,-85.03168,1282,True,14,True
PRV-1150,Dermatology,Specialty,Central Metro,Urban,39.94271,-84.94157,1239,True,21,True
PRV-1151,Dermatology,Specialty,Central Metro,Urban,40.03256,-85.05734,1357,True,18,True
PRV-1152,Dermatology,Specialty,Central Metro,Urban,39.91736,-84.91168,1424,True,15,False
PRV-1153,Dermatology,Specialty,Central Metro,Urban,40.08724,-85.02739,1387,True,26,True
PRV-1154,Dermatology,Specialty,Central Metro,Urban,40.08671,-85.00464,1351,True,12,False
PRV-1155,General Surgery,Specialty,Central Metro,Urban,40.01361,-84.92086,1172,True,15,False
PRV-1156,General Surgery,Specialty,Central Metro,Urban,40.00662,-85.0245,1317,True,2,True
PRV-1157,General Surgery,Specialty,Central Metro,Urban,40.00051,-84.9523,1420,False,7,True
PRV-1158,General Surgery,Specialty,Central Metro,Urban,40.05842,-84.92548,1307,True,13,False
PRV-1159,General Surgery,Specialty,Central Metro,Urban,40.04204,-85.08135,1351,True,4,True
PRV-1160,General Surgery,Specialty,Central Metro,Urban,39.93087,-85.01443,1404,True,7,True
PRV-1161,General Surgery,Specialty,Central Metro,Urban,39.94068,-84.97298,1157,False,7,True
PRV-1162,General Surgery,Specialty,Central Metro,Urban,40.10628,-85.00591,1039,True,6,True
PRV-1163,General Surgery,Specialty,Central Metro,Urban,40.0829,-85.0099,1206,True,14,True
PRV-1164,General Surgery,Specialty,Central Metro,Urban,40.10313,-85.13918,1202,True,1,False
PRV-1165,Neurology,Specialty,Central Metro,Urban,39.97695,-84.93886,1144,True,28,True
PRV-1166,Neurology,Specialty,Central Metro,Urban,40.04187,-84.99336,632,True,16,False
PRV-1167,Neurology,Specialty,Central Metro,Urban,39.9782,-85.01528,870,True,5,True
PRV-1168,Neurology,Specialty,Central Metro,Urban,39.9753,-85.02181,982,True,7,True
PRV-1169,Neurology,Specialty,Central Metro,Urban,39.90399,-85.04572,1062,True,17,True
PRV-1170,Neurology,Specialty,Central Metro,Urban,39.95199,-84.96203,952,True,16,False
PRV-1171,Neurology,Specialty,Central Metro,Urban,39.99154,-84.90809,1112,True,27,True
PRV-1172,Primary Care,Primary Care,North Metro,Urban,40.10632,-84.97559,1442,True,11,False
PRV-1173,Primary Care,Primary Care,North Metro,Urban,40.17386,-84.95903,1562,True,3,False
PRV-1174,Primary Care,Primary Care,North Metro,Urban,40.23321,-84.94934,1084,True,4,False
PRV-1175,Primary Care,Primary Care,North Metro,Urban,40.04501,-84.99172,2148,True,10,True
PRV-1176,Primary Care,Primary Care,North Metro,Urban,40.12595,-84.88856,1951,True,8,False
PRV-1177,Primary Care,Primary Care,North Metro,Urban,40.11263,-84.99105,1586,True,5,False
PRV-1178,Primary Care,Primary Care,North Metro,Urban,40.21709,-84.82689,2254,True,10,False
PRV-1179,Primary Care,Primary Care,North Metro,Urban,40.18408,-84.94473,1378,True,1,True
PRV-1180,Primary Care,Primary Care,North Metro,Urban,40.13219,-84.90188,2009,True,3,False
PRV-1181,Primary Care,Primary Care,North Metro,Urban,40.15107,-84.86004,1679,True,5,False
PRV-1182,Primary Care,Primary Care,North Metro,Urban,40.12984,-84.88028,2214,True,7,False
PRV-1183,Primary Care,Primary Care,North Metro,Urban,40.20238,-84.95742,2237,True,5,False
PRV-1184,Primary Care,Primary Care,North Metro,Urban,40.25162,-85.05024,1816,True,1,False
PRV-1185,Primary Care,Primary Care,North Metro,Urban,40.17861,-84.79979,1681,True,8,True
PRV-1186,Primary Care,Primary Care,North Metro,Urban,40.19546,-84.86927,1487,True,1,True
PRV-1187,Primary Care,Primary Care,North Metro,Urban,40.05494,-84.88314,1130,True,8,False
PRV-1188,Primary Care,Primary Care,North Metro,Urban,40.01332,-84.94085,1617,True,2,False
PRV-1189,Primary Care,Primary Care,North Metro,Urban,40.29017,-84.93218,2121,True,6,True
PRV-1190,Primary Care,Primary Care,North Metro,Urban,40.17867,-85.01377,1879,True,6,False
PRV-1191,Primary Care,Primary Care,North Metro,Urban,40.22452,-85.03268,1872,True,2,True
PRV-1192,Primary Care,Primary Care,North Metro,Urban,40.20811,-84.88053,1584,True,19,False
PRV-1193,Primary Care,Primary Care,North Metro,Urban,40.1484,-84.98194,1602,True,16,True
PRV-1194,Primary Care,Primary Care,North Metro,Urban,40.16483,-84.88626,1994,True,2,False
PRV-1195,Primary Care,Primary Care,North Metro,Urban,40.15743,-84.95043,1697,False,4,True
PRV-1196,Primary Care,Primary Care,North Metro,Urban,40.23172,-84.94278,2158,True,6,True
PRV-1197,Primary Care,Primary Care,North Metro,Urban,40.08911,-84.87025,1793,True,6,True
PRV-1198,Primary Care,Primary Care,North Metro,Urban,40.19064,-84.90253,1025,True,11,False
PRV-1199,Primary Care,Primary Care,North Metro,Urban,40.07487,-84.91435,1890,True,10,True
PRV-1200,Primary Care,Primary Care,North Metro,Urban,40.26864,-84.95255,2302,True,6,True
PRV-1201,Primary Care,Primary Care,North Metro,Urban,40.21453,-85.00459,1744,False,10,False
PRV-1202,Primary Care,Primary Care,North Metro,Urban,40.22168,-84.90465,1938,True,7,True
PRV-1203,Primary Care,Primary Care,North Metro,Urban,40.08592,-84.84434,2401,True,10,True
PRV-1204,Primary Care,Primary Care,North Metro,Urban,40.18168,-84.93303,2178,True,4,True
PRV-1205,Primary Care,Primary Care,North Metro,Urban,40.22947,-84.86473,1726,True,7,False
PRV-1206,Primary Care,Primary Care,North Metro,Urban,40.08187,-84.90578,1001,True,5,True
PRV-1207,Primary Care,Primary Care,North Metro,Urban,40.14012,-84.89836,1761,False,2,True
PRV-1208,Primary Care,Primary Care,North Metro,Urban,40.27099,-84.93839,1937,True,3,True
PRV-1209,Primary Care,Primary Care,North Metro,Urban,40.26803,-84.92685,2282,True,16,True
PRV-1210,Primary Care,Primary Care,North Metro,Urban,40.13652,-84.97123,1810,True,6,True
PRV-1211,Primary Care,Primary Care,North Metro,Urban,40.09437,-85.02606,1796,True,5,True
PRV-1212,Primary Care,Primary Care,North Metro,Urban,40.17023,-84.79424,2260,True,1,True
PRV-1213,Primary Care,Primary Care,North Metro,Urban,40.18688,-84.9002,2037,True,8,False
PRV-1214,Primary Care,Primary Care,North Metro,Urban,40.19072,-84.95698,1510,False,5,True
PRV-1215,Primary Care,Primary Care,North Metro,Urban,40.19937,-84.98901,1647,True,7,False
PRV-1216,Primary Care,Primary Care,North Metro,Urban,40.19982,-84.9327,1788,True,7,False
PRV-1217,Primary Care,Primary Care,North Metro,Urban,40.18407,-84.88711,1345,True,8,True
PRV-1218,Primary Care,Primary Care,North Metro,Urban,40.25872,-84.93891,2091,False,4,False
PRV-1219,Primary Care,Primary Care,North Metro,Urban,40.05192,-84.88296,2064,True,7,False
PRV-1220,Primary Care,Primary Care,North Metro,Urban,40.12243,-84.87505,2026,True,11,False
PRV-1221,Primary Care,Primary Care,North Metro,Urban,40.26183,-84.9342,1948,True,1,False
PRV-1222,Primary Care,Primary Care,North Metro,Urban,40.13654,-84.9549,1630,True,4,False
PRV-1223,Primary Care,Primary Care,North Metro,Urban,40.22855,-84.92875,1579,True,4,False
PRV-1224,Primary Care,Primary Care,North Metro,Urban,40.14191,-84.98981,1371,True,5,True
PRV-1225,Primary Care,Primary Care,North Metro,Urban,40.20049,-84.92078,1807,True,1,True
PRV-1226,Primary Care,Primary Care,North Metro,Urban,40.20074,-84.84862,1610,True,4,True
PRV-1227,OB/GYN,Primary Care,North Metro,Urban,40.03934,-84.86343,1188,True,4,True
PRV-1228,OB/GYN,Primary Care,North Metro,Urban,40.13623,-84.89732,1553,True,11,True
PRV-1229,OB/GYN,Primary Care,North Metro,Urban,40.1767,-84.85204,1429,True,17,False
PRV-1230,OB/GYN,Primary Care,North Metro,Urban,40.19172,-84.93306,1443,True,7,False
PRV-1231,OB/GYN,Primary Care,North Metro,Urban,40.13932,-84.88807,1572,False,34,False
PRV-1232,OB/GYN,Primary Care,North Metro,Urban,40.18279,-84.87429,1754,True,16,False
PRV-1233,OB/GYN,Primary Care,North Metro,Urban,40.2025,-84.85533,1532,True,3,True
PRV-1234,OB/GYN,Primary Care,North Metro,Urban,40.24507,-85.02591,1454,True,15,True
PRV-1235,OB/GYN,Primary Care,North Metro,Urban,40.03515,-84.8811,1473,True,3,False
PRV-1236,OB/GYN,Primary Care,North Metro,Urban,40.13835,-84.9504,1413,True,17,False
PRV-1237,OB/GYN,Primary Care,North Metro,Urban,40.20331,-85.02559,2037,True,13,True
PRV-1238,OB/GYN,Primary Care,North Metro,Urban,40.2879,-84.84852,1500,True,5,True
PRV-1239,OB/GYN,Primary Care,North Metro,Urban,40.17464,-85.01588,1448,True,9,True
PRV-1240,OB/GYN,Primary Care,North Metro,Urban,40.20187,-84.96356,1269,True,7,True
PRV-1241,OB/GYN,Primary Care,North Metro,Urban,40.14163,-84.88159,1468,True,6,False
PRV-1242,OB/GYN,Primary Care,North Metro,Urban,40.08565,-85.00292,1592,True,6,False
PRV-1243,OB/GYN,Primary Care,North Metro,Urban,40.07574,-84.90778,1531,True,4,True
PRV-1244,OB/GYN,Primary Care,North Metro,Urban,40.29417,-84.94721,1463,True,10,False
PRV-1245,Behavioral Health,Behavioral,North Metro,Urban,40.21846,-84.92679,821,True,6,False
PRV-1246,Behavioral Health,Behavioral,North Metro,Urban,40.0997,-84.85716,1159,False,4,False
PRV-1247,Behavioral Health,Behavioral,North Metro,Urban,40.12357,-84.95176,887,True,13,True
PRV-1248,Behavioral Health,Behavioral,North Metro,Urban,40.09348,-84.95099,874,True,20,False
PRV-1249,Behavioral Health,Behavioral,North Metro,Urban,40.15668,-84.83136,990,True,16,False
PRV-1250,Behavioral Health,Behavioral,North Metro,Urban,40.19883,-84.9495,816,True,20,True
PRV-1251,Behavioral Health,Behavioral,North Metro,Urban,40.24595,-84.88227,760,True,29,True
PRV-1252,Behavioral Health,Behavioral,North Metro,Urban,40.13334,-84.9578,880,False,6,False
PRV-1253,Behavioral Health,Behavioral,North Metro,Urban,40.12493,-84.75143,725,True,9,True
PRV-1254,Behavioral Health,Behavioral,North Metro,Urban,40.19781,-85.00081,1097,False,14,True
PRV-1255,Behavioral Health,Behavioral,North Metro,Urban,40.03382,-84.979,1049,True,18,False
PRV-1256,Behavioral Health,Behavioral,North Metro,Urban,40.24093,-85.0195,859,True,12,False
PRV-1257,Behavioral Health,Behavioral,North Metro,Urban,40.16036,-84.92888,894,True,8,True
PRV-1258,Behavioral Health,Behavioral,North Metro,Urban,40.15542,-84.91446,899,True,3,True
PRV-1259,Behavioral Health,Behavioral,North Metro,Urban,40.06283,-85.03843,922,True,14,True
PRV-1260,Behavioral Health,Behavioral,North Metro,Urban,40.23596,-84.89096,1003,True,10,True
PRV-1261,Behavioral Health,Behavioral,North Metro,Urban,40.12722,-84.87957,781,True,20,True
PRV-1262,Behavioral Health,Behavioral,North Metro,Urban,40.18344,-84.98704,911,True,15,False
PRV-1263,Behavioral Health,Behavioral,North Metro,Urban,40.2687,-84.97404,1018,True,8,False
PRV-1264,Behavioral Health,Behavioral,North Metro,Urban,40.05774,-84.91804,989,True,5,True
PRV-1265,Behavioral Health,Behavioral,North Metro,Urban,40.16204,-84.87967,877,True,16,False
PRV-1266,Behavioral Health,Behavioral,North Metro,Urban,40.09618,-84.88066,1038,True,6,False
PRV-1267,Cardiology,Specialty,North Metro,Urban,40.16746,-84.87929,1356,True,8,True
PRV-1268,Cardiology,Specialty,North Metro,Urban,40.10834,-84.98387,1525,True,2,False
PRV-1269,Cardiology,Specialty,North Metro,Urban,40.22349,-84.83467,838,True,8,True
PRV-1270,Cardiology,Specialty,North Metro,Urban,40.19198,-85.01367,1059,True,14,False
PRV-1271,Cardiology,Specialty,North Metro,Urban,40.16402,-84.9549,1119,True,3,True
PRV-1272,Cardiology,Specialty,North Metro,Urban,40.24428,-84.88382,991,False,9,True
PRV-1273,Cardiology,Specialty,North Metro,Urban,40.15181,-84.89387,1299,True,6,True
PRV-1274,Cardiology,Specialty,North Metro,Urban,39.99714,-84.95696,936,False,18,True
PRV-1275,Cardiology,Specialty,North Metro,Urban,40.06471,-84.85226,1095,True,10,False
PRV-1276,Cardiology,Specialty,North Metro,Urban,40.22395,-85.02315,1432,True,8,True
PRV-1277,Cardiology,Specialty,North Metro,Urban,40.178,-84.98972,970,True,6,True
PRV-1278,Cardiology,Specialty,North Metro,Urban,40.04918,-84.94278,1036,False,2,True
PRV-1279,Cardiology,Specialty,North Metro,Urban,40.18338,-84.90528,1238,True,2,False
PRV-1280,Cardiology,Specialty,North Metro,Urban,40.10784,-84.93718,1084,True,7,False
PRV-1281,Cardiology,Specialty,North Metro,Urban,40.13594,-84.89089,1122,True,12,True
PRV-1282,Cardiology,Specialty,North Metro,Urban,40.1616,-84.91372,1338,True,25,False
PRV-1283,Endocrinology,Specialty,North Metro,Urban,40.2745,-84.89068,1105,True,14,True
PRV-1284,Endocrinology,Specialty,North Metro,Urban,40.16261,-84.9081,875,True,8,True
PRV-1285,Endocrinology,Specialty,North Metro,Urban,40.1939,-84.86209,1150,True,14,True
PRV-1286,Endocrinology,Specialty,North Metro,Urban,40.31285,-84.94712,1141,True,8,True
PRV-1287,Endocrinology,Specialty,North Metro,Urban,40.17435,-84.98666,891,True,25,True
PRV-1288,Endocrinology,Specialty,North Metro,Urban,40.17939,-84.82459,991,True,14,True
PRV-1289,Endocrinology,Specialty,North Metro,Urban,40.18088,-84.9674,879,True,14,False
PRV-1290,Endocrinology,Specialty,North Metro,Urban,40.02389,-84.90768,1018,True,9,False
PRV-1291,Endocrinology,Specialty,North Metro,Urban,40.18682,-84.87579,936,True,10,False
PRV-1292,Oncology,Specialty,North Metro,Urban,40.2196,-84.80501,850,True,2,False
PRV-1293,Oncology,Specialty,North Metro,Urban,40.18614,-84.98738,1173,True,6,True
PRV-1294,Oncology,Specialty,North Metro,Urban,40.18323,-84.88501,909,True,3,True
PRV-1295,Oncology,Specialty,North Metro,Urban,40.28334,-84.90363,974,True,5,False
PRV-1296,Oncology,Specialty,North Metro,Urban,40.21184,-84.93176,703,True,3,False
PRV-1297,Oncology,Specialty,North Metro,Urban,40.14558,-84.99717,676,True,4,False
PRV-1298,Oncology,Specialty,North Metro,Urban,40.20322,-84.98922,1116,True,4,True
PRV-1299,Oncology,Specialty,North Metro,Urban,40.14224,-84.89193,1019,True,5,True
PRV-1300,Orthopedics,Specialty,North Metro,Urban,40.22708,-84.86775,1600,True,4,False
PRV-1301,Orthopedics,Specialty,North Metro,Urban,40.13717,-84.87369,1573,True,6,False
PRV-1302,Orthopedics,Specialty,North Metro,Urban,40.19268,-84.89657,1338,True,10,False
PRV-1303,Orthopedics,Specialty,North Metro,Urban,40.18376,-84.91355,1408,True,9,False
PRV-1304,Orthopedics,Specialty,North Metro,Urban,40.18406,-84.92168,1197,True,9,True
PRV-1305,Orthopedics,Specialty,North Metro,Urban,40.18588,-84.77973,1144,True,6,True
PRV-1306,Orthopedics,Specialty,North Metro,Urban,40.23078,-84.90085,1235,True,15,True
PRV-1307,Orthopedics,Specialty,North Metro,Urban,40.13683,-84.96166,1228,True,4,False
PRV-1308,Orthopedics,Specialty,North Metro,Urban,40.22389,-84.9708,1417,True,3,True
PRV-1309,Orthopedics,Specialty,North Metro,Urban,40.22065,-84.96463,1553,True,5,True
PRV-1310,Orthopedics,Specialty,North Metro,Urban,40.25483,-84.75124,1179,True,2,True
PRV-1311,Orthopedics,Specialty,North Metro,Urban,40.16202,-84.993,1393,False,9,False
PRV-1312,Orthopedics,Specialty,North Metro,Urban,40.1576,-84.79273,1104,True,9,True
PRV-1313,Orthopedics,Specialty,North Metro,Urban,40.17269,-84.94811,1441,False,21,False
PRV-1314,Dermatology,Specialty,North Metro,Urban,40.18221,-84.90962,1402,True,3,False
PRV-1315,Dermatology,Specialty,North Metro,Urban,40.14763,-84.93061,1626,True,15,True
PRV-1316,Dermatology,Specialty,North Metro,Urban,40.20626,-84.88335,1605,True,10,False
PRV-1317,Dermatology,Specialty,North Metro,Urban,40.12802,-84.91917,1263,True,14,True
PRV-1318,Dermatology,Specialty,North Metro,Urban,40.1339,-84.91484,1449,True,8,False
PRV-1319,Dermatology,Specialty,North Metro,Urban,40.31115,-84.90336,1129,True,18,False
PRV-1320,Dermatology,Specialty,North Metro,Urban,40.11736,-84.92235,1335,True,13,True
PRV-1321,Dermatology,Specialty,North Metro,Urban,40.09638,-84.86344,1067,False,18,False
PRV-1322,Dermatology,Specialty,North Metro,Urban,40.24994,-84.98219,899,True,13,False
PRV-1323,Dermatology,Specialty,North Metro,Urban,40.19992,-84.9052,900,False,25,False
PRV-1324,Dermatology,Specialty,North Metro,Urban,40.1683,-84.89134,1355,True,22,True
PRV-1325,Dermatology,Specialty,North Metro,Urban,40.20498,-84.98543,1426,True,20,False
PRV-1326,General Surgery,Specialty,North Metro,Urban,40.29317,-84.95279,1202,True,1,False
PRV-1327,General Surgery,Specialty,North Metro,Urban,40.20751,-84.89822,1374,False,10,False
PRV-1328,General Surgery,Specialty,North Metro,Urban,40.24849,-84.84784,1366,True,5,True
PRV-1329,General Surgery,Specialty,North Metro,Urban,40.14956,-84.93837,702,True,5,False
PRV-1330,General Surgery,Specialty,North Metro,Urban,40.15041,-84.80388,1247,True,7,False
PRV-1331,General Surgery,Specialty,North Metro,Urban,40.26213,-84.91664,1148,True,9,False
PRV-1332,General Surgery,Specialty,North Metro,Urban,40.16378,-84.89483,1202,True,13,False
PRV-1333,General Surgery,Specialty,North Metro,Urban,40.04683,-84.8318,1037,True,7,False
PRV-1334,General Surgery,Specialty,North Metro,Urban,40.17798,-84.94949,1350,True,7,False
PRV-1335,General Surgery,Specialty,North Metro,Urban,40.26877,-84.9314,1346,True,1,False
PRV-1336,Neurology,Specialty,North Metro,Urban,40.13849,-84.82988,1093,True,24,True
PRV-1337,Neurology,Specialty,North Metro,Urban,40.10889,-85.05119,1181,True,17,True
PRV-1338,Neurology,Specialty,North Metro,Urban,40.12012,-84.94114,1222,True,21,True
PRV-1339,Neurology,Specialty,North Metro,Urban,40.12701,-84.87267,982,False,7,True
PRV-1340,Neurology,Specialty,North Metro,Urban,40.03365,-84.88973,986,True,10,True
PRV-1341,Neurology,Specialty,North Metro,Urban,40.08803,-84.95102,758,True,23,False
PRV-1342,Neurology,Specialty,North Metro,Urban,40.1773,-85.03765,1046,True,23,True
PRV-1343,Primary Care,Primary Care,East Suburban,Suburban,39.92581,-84.74833,1679,True,4,True
PRV-1344,Primary Care,Primary Care,East Suburban,Suburban,39.90024,-84.81659,1704,True,1,True
PRV-1345,Primary Care,Primary Care,East Suburban,Suburban,39.8799,-84.57243,2099,True,1,True
PRV-1346,Primary Care,Primary Care,East Suburban,Suburban,39.90679,-84.66838,1724,True,1,False
PRV-1347,Primary Care,Primary Care,East Suburban,Suburban,39.98009,-84.61662,1795,True,17,False
PRV-1348,Primary Care,Primary Care,East Suburban,Suburban,40.07276,-84.83183,1541,True,6,True
PRV-1349,Primary Care,Primary Care,East Suburban,Suburban,39.87169,-84.70236,1818,True,10,True
PRV-1350,Primary Care,Primary Care,East Suburban,Suburban,40.04397,-84.64807,1676,True,21,True
PRV-1351,Primary Care,Primary Care,East Suburban,Suburban,39.91649,-84.77032,1689,True,8,True
PRV-1352,Primary Care,Primary Care,East Suburban,Suburban,39.90954,-84.91424,1445,True,1,False
PRV-1353,Primary Care,Primary Care,East Suburban,Suburban,39.89972,-84.80741,1978,True,4,True
PRV-1354,Primary Care,Primary Care,East Suburban,Suburban,39.92668,-84.69723,1809,True,8,True
PRV-1355,Primary Care,Primary Care,East Suburban,Suburban,40.04621,-84.75801,1858,True,15,False
PRV-1356,Primary Care,Primary Care,East Suburban,Suburban,39.95857,-84.71929,1799,True,9,False
PRV-1357,Primary Care,Primary Care,East Suburban,Suburban,40.0466,-84.8062,1767,True,11,False
PRV-1358,Primary Care,Primary Care,East Suburban,Suburban,40.09319,-84.67469,1930,True,7,True
PRV-1359,Primary Care,Primary Care,East Suburban,Suburban,40.12217,-84.69412,1637,False,10,True
PRV-1360,Primary Care,Primary Care,East Suburban,Suburban,40.05049,-84.71763,2187,True,4,True
PRV-1361,Primary Care,Primary Care,East Suburban,Suburban,39.94848,-84.55177,2311,True,5,False
PRV-1362,Primary Care,Primary Care,East Suburban,Suburban,39.93286,-84.62176,1946,True,4,True
PRV-1363,Primary Care,Primary Care,East Suburban,Suburban,39.9525,-84.62544,1965,True,3,True
PRV-1364,Primary Care,Primary Care,East Suburban,Suburban,40.01077,-84.76205,1668,True,9,True
PRV-1365,Primary Care,Primary Care,East Suburban,Suburban,39.7965,-84.68002,1682,True,1,True
PRV-1366,Primary Care,Primary Care,East Suburban,Suburban,39.932,-84.93992,2202,True,9,True
PRV-1367,Primary Care,Primary Care,East Suburban,Suburban,40.10282,-84.56176,1854,True,11,False
PRV-1368,Primary Care,Primary Care,East Suburban,Suburban,40.01694,-84.5027,1849,True,8,True
PRV-1369,Primary Care,Primary Care,East Suburban,Suburban,39.88842,-84.82638,1532,True,12,True
PRV-1370,Primary Care,Primary Care,East Suburban,Suburban,40.00398,-84.68398,2180,True,10,True
PRV-1371,Primary Care,Primary Care,East Suburban,Suburban,39.88667,-84.51413,1365,True,8,True
PRV-1372,Primary Care,Primary Care,East Suburban,Suburban,39.99869,-84.92138,2181,True,10,False
PRV-1373,Primary Care,Primary Care,East Suburban,Suburban,40.0879,-84.81975,2023,True,3,True
PRV-1374,Primary Care,Primary Care,East Suburban,Suburban,40.05237,-84.7903,1616,True,4,True
PRV-1375,Primary Care,Primary Care,East Suburban,Suburban,39.89288,-84.56426,2215,True,4,True
PRV-1376,Primary Care,Primary Care,East Suburban,Suburban,39.95449,-84.59469,1788,True,13,True
PRV-1377,OB/GYN,Primary Care,East Suburban,Suburban,39.96443,-84.72947,1654,True,18,False
PRV-1378,OB/GYN,Primary Care,East Suburban,Suburban,39.9486,-84.66357,1480,True,7,True
PRV-1379,OB/GYN,Primary Care,East Suburban,Suburban,40.11471,-84.74564,1565,True,23,False
PRV-1380,OB/GYN,Primary Care,East Suburban,Suburban,39.78022,-84.60134,1368,False,6,True
PRV-1381,OB/GYN,Primary Care,East Suburban,Suburban,39.95201,-84.68502,1421,True,5,True
PRV-1382,OB/GYN,Primary Care,East Suburban,Suburban,39.98188,-84.76995,1352,True,8,False
PRV-1383,OB/GYN,Primary Care,East Suburban,Suburban,39.92356,-84.68148,1852,True,8,False
PRV-1384,OB/GYN,Primary Care,East Suburban,Suburban,40.0154,-84.60671,1344,True,9,False
PRV-1385,OB/GYN,Primary Care,East Suburban,Suburban,39.79435,-84.75398,1212,False,20,True
PRV-1386,OB/GYN,Primary Care,East Suburban,Suburban,39.93343,-84.59009,1532,True,17,True
PRV-1387,OB/GYN,Primary Care,East Suburban,Suburban,40.05572,-84.8412,1547,True,16,True
PRV-1388,Behavioral Health,Behavioral,East Suburban,Suburban,39.68385,-84.69977,995,True,13,False
PRV-1389,Behavioral Health,Behavioral,East Suburban,Suburban,39.95586,-84.72324,1040,True,15,True
PRV-1390,Behavioral Health,Behavioral,East Suburban,Suburban,40.09899,-84.90346,849,True,16,False
PRV-1391,Behavioral Health,Behavioral,East Suburban,Suburban,40.15413,-84.85644,1133,True,6,True
PRV-1392,Behavioral Health,Behavioral,East Suburban,Suburban,39.92972,-84.82444,1087,False,12,True
PRV-1393,Behavioral Health,Behavioral,East Suburban,Suburban,39.88685,-84.90764,1041,True,24,False
PRV-1394,Behavioral Health,Behavioral,East Suburban,Suburban,40.04498,-84.69085,915,True,11,False
PRV-1395,Behavioral Health,Behavioral,East Suburban,Suburban,40.03388,-84.69685,806,True,21,True
PRV-1396,Behavioral Health,Behavioral,East Suburban,Suburban,40.05891,-84.7842,1136,True,9,True
PRV-1397,Behavioral Health,Behavioral,East Suburban,Suburban,40.06677,-84.67233,842,True,12,False
PRV-1398,Behavioral Health,Behavioral,East Suburban,Suburban,39.92362,-84.68345,810,True,7,False
PRV-1399,Behavioral Health,Behavioral,East Suburban,Suburban,40.00848,-84.72055,822,True,14,False
PRV-1400,Cardiology,Specialty,East Suburban,Suburban,39.95915,-84.80858,1321,True,8,True
PRV-1401,Cardiology,Specialty,East Suburban,Suburban,40.02734,-84.79436,1357,True,10,True
PRV-1402,Cardiology,Specialty,East Suburban,Suburban,39.98087,-84.55739,952,True,2,False
PRV-1403,Cardiology,Specialty,East Suburban,Suburban,39.92795,-84.78338,936,True,12,False
PRV-1404,Cardiology,Specialty,East Suburban,Suburban,40.05432,-84.88407,1014,True,14,False
PRV-1405,Cardiology,Specialty,East Suburban,Suburban,40.15422,-84.53755,1374,True,6,False
PRV-1406,Cardiology,Specialty,East Suburban,Suburban,39.95925,-84.67457,1213,True,14,True
PRV-1407,Cardiology,Specialty,East Suburban,Suburban,40.02804,-84.65682,1097,True,8,True
PRV-1408,Endocrinology,Specialty,East Suburban,Suburban,40.0676,-84.74551,1140,True,32,True
PRV-1409,Endocrinology,Specialty,East Suburban,Suburban,39.9639,-84.71738,857,True,12,True
PRV-1410,Endocrinology,Specialty,East Suburban,Suburban,40.27595,-84.83861,1352,True,6,True
PRV-1411,Endocrinology,Specialty,East Suburban,Suburban,39.78565,-84.79775,1119,True,7,False
PRV-1412,Oncology,Specialty,East Suburban,Suburban,39.91628,-84.81313,1134,True,6,True
PRV-1413,Oncology,Specialty,East Suburban,Suburban,39.96981,-84.69965,940,True,6,False
PRV-1414,Oncology,Specialty,East Suburban,Suburban,40.01216,-84.7394,818,True,3,False
PRV-1415,Orthopedics,Specialty,East Suburban,Suburban,39.88372,-84.64915,1499,True,6,True
PRV-1416,Orthopedics,Specialty,East Suburban,Suburban,39.97412,-84.61574,1406,True,9,True
PRV-1417,Orthopedics,Specialty,East Suburban,Suburban,39.96989,-84.9535,1607,False,11,False
PRV-1418,Orthopedics,Specialty,East Suburban,Suburban,40.06122,-84.8022,1174,True,10,False
PRV-1419,Orthopedics,Specialty,East Suburban,Suburban,40.05007,-84.70232,1154,True,3,False
PRV-1420,Orthopedics,Specialty,East Suburban,Suburban,40.07564,-84.80552,1153,True,19,False
PRV-1421,Orthopedics,Specialty,East Suburban,Suburban,39.97244,-84.75934,1612,True,8,True
PRV-1422,Dermatology,Specialty,East Suburban,Suburban,40.08693,-84.84697,1331,True,24,True
PRV-1423,Dermatology,Specialty,East Suburban,Suburban,39.86819,-84.67688,1809,True,17,False
PRV-1424,Dermatology,Specialty,East Suburban,Suburban,40.00044,-84.80363,1696,True,16,True
PRV-1425,Dermatology,Specialty,East Suburban,Suburban,39.96675,-84.62719,1277,True,15,False
PRV-1426,Dermatology,Specialty,East Suburban,Suburban,39.89157,-84.7425,1381,False,11,True
PRV-1427,Dermatology,Specialty,East Suburban,Suburban,39.99593,-84.86214,1733,True,12,True
PRV-1428,General Surgery,Specialty,East Suburban,Suburban,40.03407,-84.56726,1112,True,7,False
PRV-1429,General Surgery,Specialty,East Suburban,Suburban,40.2031,-84.64806,1323,True,6,True
PRV-1430,General Surgery,Specialty,East Suburban,Suburban,39.94346,-84.77625,1151,True,1,False
PRV-1431,General Surgery,Specialty,East Suburban,Suburban,39.93468,-84.77212,1097,True,8,True
PRV-1432,General Surgery,Specialty,East Suburban,Suburban,40.00786,-84.93447,1272,False,3,False
PRV-1433,Neurology,Specialty,East Suburban,Suburban,39.97132,-84.65643,1040,True,7,True
PRV-1434,Neurology,Specialty,East Suburban,Suburban,39.84705,-84.69429,1020,True,33,True
PRV-1435,Neurology,Specialty,East Suburban,Suburban,39.9628,-84.60403,926,True,17,False
PRV-1436,Primary Care,Primary Care,West Suburban,Suburban,40.06853,-85.20772,2068,True,10,True
PRV-1437,Primary Care,Primary Care,West Suburban,Suburban,40.01242,-85.30512,1671,False,2,False
PRV-1438,Primary Care,Primary Care,West Suburban,Suburban,40.13785,-85.24008,1721,True,20,False
PRV-1439,Primary Care,Primary Care,West Suburban,Suburban,40.06353,-85.05233,1856,True,3,True
PRV-1440,Primary Care,Primary Care,West Suburban,Suburban,40.14676,-85.34572,1460,True,6,False
PRV-1441,Primary Care,Primary Care,West Suburban,Suburban,39.90912,-85.23705,1999,True,4,True
PRV-1442,Primary Care,Primary Care,West Suburban,Suburban,40.03541,-85.16306,2053,True,11,False
PRV-1443,Primary Care,Primary Care,West Suburban,Suburban,39.90662,-85.12715,1959,True,4,False
PRV-1444,Primary Care,Primary Care,West Suburban,Suburban,40.09812,-85.15474,2004,True,5,True
PRV-1445,Primary Care,Primary Care,West Suburban,Suburban,39.9387,-85.23649,2010,True,11,False
PRV-1446,Primary Care,Primary Care,West Suburban,Suburban,39.95332,-85.27532,1890,True,3,True
PRV-1447,Primary Care,Primary Care,West Suburban,Suburban,40.07461,-85.23574,1911,True,8,True
PRV-1448,Primary Care,Primary Care,West Suburban,Suburban,40.08684,-85.32697,1657,False,6,False
PRV-1449,Primary Care,Primary Care,West Suburban,Suburban,40.12657,-85.20626,2618,False,16,False
PRV-1450,Primary Care,Primary Care,West Suburban,Suburban,39.98022,-85.22277,2279,True,9,True
PRV-1451,Primary Care,Primary Care,West Suburban,Suburban,39.9291,-85.21815,1590,True,5,True
PRV-1452,Primary Care,Primary Care,West Suburban,Suburban,39.8743,-85.32982,1949,True,5,False
PRV-1453,Primary Care,Primary Care,West Suburban,Suburban,40.05404,-85.34761,1479,True,4,False
PRV-1454,Primary Care,Primary Care,West Suburban,Suburban,40.11767,-85.25607,2033,True,9,True
PRV-1455,Primary Care,Primary Care,West Suburban,Suburban,40.058,-85.35871,1952,False,2,False
PRV-1456,Primary Care,Primary Care,West Suburban,Suburban,39.92189,-85.33232,1416,True,4,True
PRV-1457,Primary Care,Primary Care,West Suburban,Suburban,39.90194,-85.27158,1744,True,10,True
PRV-1458,Primary Care,Primary Care,West Suburban,Suburban,39.96263,-85.14365,1915,True,5,False
PRV-1459,Primary Care,Primary Care,West Suburban,Suburban,40.05204,-85.15791,1783,True,4,False
PRV-1460,Primary Care,Primary Care,West Suburban,Suburban,40.1217,-85.21337,2403,True,2,True
PRV-1461,Primary Care,Primary Care,West Suburban,Suburban,40.02854,-85.42615,1640,True,1,False
PRV-1462,Primary Care,Primary Care,West Suburban,Suburban,40.08156,-85.40528,1509,True,4,True
PRV-1463,Primary Care,Primary Care,West Suburban,Suburban,40.07458,-85.15027,1489,True,9,False
PRV-1464,Primary Care,Primary Care,West Suburban,Suburban,40.04595,-85.23418,1572,True,8,True
PRV-1465,Primary Care,Primary Care,West Suburban,Suburban,40.03858,-85.14506,2060,True,6,False
PRV-1466,Primary Care,Primary Care,West Suburban,Suburban,39.95525,-85.09557,1829,True,3,True
PRV-1467,Primary Care,Primary Care,West Suburban,Suburban,40.18119,-85.30905,1789,True,7,True
PRV-1468,Primary Care,Primary Care,West Suburban,Suburban,40.12815,-85.29262,1282,False,5,False
PRV-1469,Primary Care,Primary Care,West Suburban,Suburban,39.809,-85.33663,2007,True,4,False
PRV-1470,OB/GYN,Primary Care,West Suburban,Suburban,39.94595,-85.15909,1408,True,4,True
PRV-1471,OB/GYN,Primary Care,West Suburban,Suburban,40.04773,-85.30947,1639,True,14,True
PRV-1472,OB/GYN,Primary Care,West Suburban,Suburban,39.97586,-85.24485,1711,True,14,True
PRV-1473,OB/GYN,Primary Care,West Suburban,Suburban,40.0716,-85.21154,1400,True,15,False
PRV-1474,OB/GYN,Primary Care,West Suburban,Suburban,40.00258,-85.24618,1463,True,18,True
PRV-1475,OB/GYN,Primary Care,West Suburban,Suburban,40.09739,-85.42063,1675,True,8,True
PRV-1476,OB/GYN,Primary Care,West Suburban,Suburban,40.07852,-85.25359,1504,True,6,False
PRV-1477,OB/GYN,Primary Care,West Suburban,Suburban,39.98025,-85.25438,1609,True,8,True
PRV-1478,OB/GYN,Primary Care,West Suburban,Suburban,39.98518,-85.18359,1169,True,24,False
PRV-1479,OB/GYN,Primary Care,West Suburban,Suburban,40.03776,-85.20607,1594,True,5,True
PRV-1480,OB/GYN,Primary Care,West Suburban,Suburban,39.98548,-85.53038,1270,True,6,False
PRV-1481,Behavioral Health,Behavioral,West Suburban,Suburban,39.79408,-85.23845,726,True,7,False
PRV-1482,Behavioral Health,Behavioral,West Suburban,Suburban,40.05031,-85.24753,700,True,12,False
PRV-1483,Behavioral Health,Behavioral,West Suburban,Suburban,39.95918,-85.19748,862,False,12,True
PRV-1484,Behavioral Health,Behavioral,West Suburban,Suburban,40.20784,-85.32689,896,True,13,True
PRV-1485,Behavioral Health,Behavioral,West Suburban,Suburban,39.96892,-85.36737,758,True,4,False
PRV-1486,Behavioral Health,Behavioral,West Suburban,Suburban,39.92961,-85.28602,953,True,3,False
PRV-1487,Behavioral Health,Behavioral,West Suburban,Suburban,40.12519,-85.41157,1125,True,6,True
PRV-1488,Behavioral Health,Behavioral,West Suburban,Suburban,39.86543,-85.26403,917,True,2,True
PRV-1489,Behavioral Health,Behavioral,West Suburban,Suburban,40.02655,-85.24849,1065,False,24,True
PRV-1490,Behavioral Health,Behavioral,West Suburban,Suburban,40.12643,-85.35784,951,True,54,True
PRV-1491,Behavioral Health,Behavioral,West Suburban,Suburban,40.09925,-85.42051,914,True,29,False
PRV-1492,Behavioral Health,Behavioral,West Suburban,Suburban,39.95486,-85.24998,1167,True,12,True
PRV-1493,Cardiology,Specialty,West Suburban,Suburban,39.98266,-85.1494,1376,False,10,False
PRV-1494,Cardiology,Specialty,West Suburban,Suburban,39.86187,-85.18958,1463,True,32,False
PRV-1495,Cardiology,Specialty,West Suburban,Suburban,39.92568,-85.28278,945,True,18,True
PRV-1496,Cardiology,Specialty,West Suburban,Suburban,40.06915,-85.05361,1455,True,25,False
PRV-1497,Cardiology,Specialty,West Suburban,Suburban,39.98968,-85.15045,1309,True,16,True
PRV-1498,Cardiology,Specialty,West Suburban,Suburban,40.1338,-85.25816,1375,True,9,True
PRV-1499,Cardiology,Specialty,West Suburban,Suburban,40.12814,-85.18671,1157,True,14,False
PRV-1500,Cardiology,Specialty,West Suburban,Suburban,39.9918,-85.23585,1380,False,26,True
PRV-1501,Endocrinology,Specialty,West Suburban,Suburban,40.07947,-85.28435,903,True,30,True
PRV-1502,Endocrinology,Specialty,West Suburban,Suburban,40.00188,-85.21523,1184,False,20,False
PRV-1503,Endocrinology,Specialty,West Suburban,Suburban,40.12757,-85.22432,1090,True,12,False
PRV-1504,Endocrinology,Specialty,West Suburban,Suburban,39.94726,-85.25597,948,True,12,True
PRV-1505,Oncology,Specialty,West Suburban,Suburban,39.88764,-85.41404,971,True,4,False
PRV-1506,Oncology,Specialty,West Suburban,Suburban,40.06713,-85.39357,1129,True,8,True
PRV-1507,Oncology,Specialty,West Suburban,Suburban,40.0552,-85.2754,902,True,6,True
PRV-1508,Orthopedics,Specialty,West Suburban,Suburban,39.94391,-85.20316,1501,True,5,True
PRV-1509,Orthopedics,Specialty,West Suburban,Suburban,39.99473,-85.28115,1138,False,11,True
PRV-1510,Orthopedics,Specialty,West Suburban,Suburban,39.89439,-85.27699,1439,True,19,False
PRV-1511,Orthopedics,Specialty,West Suburban,Suburban,40.10509,-85.18743,1285,False,14,False
PRV-1512,Orthopedics,Specialty,West Suburban,Suburban,40.05396,-85.24139,1425,True,12,False
PRV-1513,Orthopedics,Specialty,West Suburban,Suburban,40.01383,-85.2291,1339,True,25,True
PRV-1514,Orthopedics,Specialty,West Suburban,Suburban,40.01504,-85.12527,1226,True,23,False
PRV-1515,Dermatology,Specialty,West Suburban,Suburban,39.96289,-85.43749,1907,True,34,True
PRV-1516,Dermatology,Specialty,West Suburban,Suburban,40.02701,-85.17939,1565,True,5,False
PRV-1517,Dermatology,Specialty,West Suburban,Suburban,39.94345,-85.31794,1427,True,12,True
PRV-1518,Dermatology,Specialty,West Suburban,Suburban,40.13916,-85.33013,1468,True,20,True
PRV-1519,Dermatology,Specialty,West Suburban,Suburban,40.12521,-85.26639,1205,True,45,True
PRV-1520,Dermatology,Specialty,West Suburban,Suburban,40.09269,-85.14094,1363,True,10,False
PRV-1521,General Surgery,Specialty,West Suburban,Suburban,40.15364,-85.23627,1499,True,3,True
PRV-1522,General Surgery,Specialty,West Suburban,Suburban,39.9926,-85.40773,1446,True,17,True
PRV-1523,General Surgery,Specialty,West Suburban,Suburban,40.04567,-85.17468,1262,True,12,False
PRV-1524,General Surgery,Specialty,West Suburban,Suburban,39.92931,-85.25957,1122,False,8,True
PRV-1525,General Surgery,Specialty,West Suburban,Suburban,39.8618,-85.25904,1224,True,3,True
PRV-1526,Neurology,Specialty,West Suburban,Suburban,40.07672,-85.45326,842,False,7,True
PRV-1527,Neurology,Specialty,West Suburban,Suburban,40.02797,-85.32333,932,True,25,True
PRV-1528,Neurology,Specialty,West Suburban,Suburban,39.89873,-85.21725,1107,True,64,True
PRV-1529,Primary Care,Primary Care,South Suburban,Suburban,39.68777,-84.88172,1755,True,3,True
PRV-1530,Primary Care,Primary Care,South Suburban,Suburban,39.81495,-85.09915,1941,False,3,False
PRV-1531,Primary Care,Primary Care,South Suburban,Suburban,39.87969,-85.0242,1980,True,5,False
PRV-1532,Primary Care,Primary Care,South Suburban,Suburban,39.74182,-85.09607,1922,True,9,True
PRV-1533,Primary Care,Primary Care,South Suburban,Suburban,39.88964,-84.91649,2174,False,10,False
PRV-1534,Primary Care,Primary Care,South Suburban,Suburban,39.84821,-84.9853,2568,True,3,True
PRV-1535,Primary Care,Primary Care,South Suburban,Suburban,39.77538,-85.0588,1671,True,13,True
PRV-1536,Primary Care,Primary Care,South Suburban,Suburban,39.64916,-84.94682,1349,True,23,False
PRV-1537,Primary Care,Primary Care,South Suburban,Suburban,39.94993,-85.0382,2004,True,4,True
PRV-1538,Primary Care,Primary Care,South Suburban,Suburban,39.80012,-85.13719,1680,True,7,False
PRV-1539,Primary Care,Primary Care,South Suburban,Suburban,39.87903,-85.0165,1920,True,11,True
PRV-1540,Primary Care,Primary Care,South Suburban,Suburban,39.77605,-85.14439,2094,True,7,False
PRV-1541,Primary Care,Primary Care,South Suburban,Suburban,39.86599,-85.01712,1299,True,1,False
PRV-1542,Primary Care,Primary Care,South Suburban,Suburban,40.00249,-85.13157,2280,False,5,False
PRV-1543,Primary Care,Primary Care,South Suburban,Suburban,39.97487,-85.04748,1753,True,9,True
PRV-1544,Primary Care,Primary Care,South Suburban,Suburban,39.90392,-85.01499,1740,True,5,True
PRV-1545,Primary Care,Primary Care,South Suburban,Suburban,39.55749,-85.09318,1908,True,6,True
PRV-1546,Primary Care,Primary Care,South Suburban,Suburban,39.76731,-85.03455,1783,True,11,True
PRV-1547,Primary Care,Primary Care,South Suburban,Suburban,39.78997,-84.91412,1743,True,11,True
PRV-1548,Primary Care,Primary Care,South Suburban,Suburban,39.90542,-84.9869,1538,True,7,True
PRV-1549,Primary Care,Primary Care,South Suburban,Suburban,39.74252,-84.86689,1762,True,7,True
PRV-1550,Primary Care,Primary Care,South Suburban,Suburban,39.68173,-85.01879,1823,True,7,True
PRV-1551,Primary Care,Primary Care,South Suburban,Suburban,40.09395,-84.92336,1599,True,3,False
PRV-1552,Primary Care,Primary Care,South Suburban,Suburban,39.82915,-85.19722,1689,True,2,True
PRV-1553,Primary Care,Primary Care,South Suburban,Suburban,39.89141,-85.12838,1505,True,14,False
PRV-1554,Primary Care,Primary Care,South Suburban,Suburban,39.8515,-84.95371,1667,True,6,False
PRV-1555,Primary Care,Primary Care,South Suburban,Suburban,39.86017,-85.12232,1880,True,7,False
PRV-1556,Primary Care,Primary Care,South Suburban,Suburban,39.85237,-84.88642,1535,True,3,False
PRV-1557,Primary Care,Primary Care,South Suburban,Suburban,39.74741,-85.13155,1514,True,2,True
PRV-1558,Primary Care,Primary Care,South Suburban,Suburban,39.68319,-84.83091,1973,True,4,False
PRV-1559,Primary Care,Primary Care,South Suburban,Suburban,39.79689,-85.17182,1517,True,20,False
PRV-1560,Primary Care,Primary Care,South Suburban,Suburban,39.95526,-84.76776,1196,True,4,False
PRV-1561,Primary Care,Primary Care,South Suburban,Suburban,39.75487,-84.98786,1714,True,7,True
PRV-1562,Primary Care,Primary Care,South Suburban,Suburban,39.82125,-84.92116,1412,True,9,False
PRV-1563,OB/GYN,Primary Care,South Suburban,Suburban,39.89553,-84.97487,1546,True,18,True
PRV-1564,OB/GYN,Primary Care,South Suburban,Suburban,39.82681,-84.86195,1311,True,11,True
PRV-1565,OB/GYN,Primary Care,South Suburban,Suburban,39.81494,-84.87921,1490,True,2,True
PRV-1566,OB/GYN,Primary Care,South Suburban,Suburban,39.81338,-85.05077,1329,True,10,True
PRV-1567,OB/GYN,Primary Care,South Suburban,Suburban,39.73711,-84.87905,1397,True,20,True
PRV-1568,OB/GYN,Primary Care,South Suburban,Suburban,39.72052,-85.11444,1148,True,6,False
PRV-1569,OB/GYN,Primary Care,South Suburban,Suburban,39.99008,-85.07683,1442,True,12,False
PRV-1570,OB/GYN,Primary Care,South Suburban,Suburban,39.85274,-85.03556,1318,True,8,False
PRV-1571,OB/GYN,Primary Care,South Suburban,Suburban,39.86399,-84.89034,1267,True,5,True
PRV-1572,OB/GYN,Primary Care,South Suburban,Suburban,39.88019,-85.07788,1353,True,17,False
PRV-1573,OB/GYN,Primary Care,South Suburban,Suburban,39.90952,-84.98267,1430,True,30,True
PRV-1574,Behavioral Health,Behavioral,South Suburban,Suburban,39.7362,-84.89337,992,True,17,True
PRV-1575,Behavioral Health,Behavioral,South Suburban,Suburban,39.8087,-84.85913,900,True,24,False
PRV-1576,Behavioral Health,Behavioral,South Suburban,Suburban,39.68434,-85.16425,813,True,8,True
PRV-1577,Behavioral Health,Behavioral,South Suburban,Suburban,39.83964,-85.13243,980,True,10,True
PRV-1578,Behavioral Health,Behavioral,South Suburban,Suburban,40.03988,-85.01176,912,False,9,True
PRV-1579,Behavioral Health,Behavioral,South Suburban,Suburban,39.67566,-85.10626,823,False,13,False
PRV-1580,Behavioral Health,Behavioral,South Suburban,Suburban,39.90894,-85.01992,977,True,18,False
PRV-1581,Behavioral Health,Behavioral,South Suburban,Suburban,39.78126,-84.92342,886,True,21,False
PRV-1582,Behavioral Health,Behavioral,South Suburban,Suburban,39.75479,-85.07284,788,True,16,True
PRV-1583,Behavioral Health,Behavioral,South Suburban,Suburban,39.59847,-85.03196,1091,True,13,True
PRV-1584,Behavioral Health,Behavioral,South Suburban,Suburban,39.55878,-85.05809,1049,True,11,True
PRV-1585,Behavioral Health,Behavioral,South Suburban,Suburban,39.78294,-84.90738,668,True,14,True
PRV-1586,Cardiology,Specialty,South Suburban,Suburban,40.04765,-85.00384,1299,True,7,True
PRV-1587,Cardiology,Specialty,South Suburban,Suburban,39.90177,-84.96637,1230,True,10,False
PRV-1588,Cardiology,Specialty,South Suburban,Suburban,39.78483,-84.93242,1464,True,1,False
PRV-1589,Cardiology,Specialty,South Suburban,Suburban,39.87585,-85.07428,1090,True,16,False
PRV-1590,Cardiology,Specialty,South Suburban,Suburban,39.74936,-85.08336,1020,True,8,False
PRV-1591,Cardiology,Specialty,South Suburban,Suburban,39.81118,-84.90899,1024,True,10,False
PRV-1592,Cardiology,Specialty,South Suburban,Suburban,39.85498,-85.01713,1448,True,6,False
PRV-1593,Cardiology,Specialty,South Suburban,Suburban,39.85053,-85.02461,1131,True,58,True
PRV-1594,Endocrinology,Specialty,South Suburban,Suburban,39.82943,-84.81056,1034,True,14,True
PRV-1595,Endocrinology,Specialty,South Suburban,Suburban,39.73611,-85.07852,1320,False,10,False
PRV-1596,Endocrinology,Specialty,South Suburban,Suburban,39.68684,-85.14279,1062,True,20,True
PRV-1597,Endocrinology,Specialty,South Suburban,Suburban,39.71757,-85.01941,1200,True,20,True
PRV-1598,Oncology,Specialty,South Suburban,Suburban,39.73173,-85.08462,1061,True,2,True
PRV-1599,Oncology,Specialty,South Suburban,Suburban,39.74143,-84.88955,1353,True,5,True
PRV-1600,Oncology,Specialty,South Suburban,Suburban,39.85995,-85.04676,1150,False,3,False
PRV-1601,Orthopedics,Specialty,South Suburban,Suburban,39.71967,-84.88225,980,True,5,True
PRV-1602,Orthopedics,Specialty,South Suburban,Suburban,39.73909,-85.20892,1570,False,12,False
PRV-1603,Orthopedics,Specialty,South Suburban,Suburban,39.90877,-84.89779,1358,True,7,False
PRV-1604,Orthopedics,Specialty,South Suburban,Suburban,39.80799,-84.87202,1635,True,17,True
PRV-1605,Orthopedics,Specialty,South Suburban,Suburban,39.87425,-84.6829,1381,False,4,True
PRV-1606,Orthopedics,Specialty,South Suburban,Suburban,39.75316,-84.91951,1112,True,17,True
PRV-1607,Orthopedics,Specialty,South Suburban,Suburban,39.87996,-84.98957,1424,True,10,False
PRV-1608,Dermatology,Specialty,South Suburban,Suburban,39.70788,-85.09485,1446,True,8,True
PRV-1609,Dermatology,Specialty,South Suburban,Suburban,39.87008,-85.07273,1308,True,35,True
PRV-1610,Dermatology,Specialty,South Suburban,Suburban,39.74095,-84.91189,1717,True,4,True
PRV-1611,Dermatology,Specialty,South Suburban,Suburban,39.93191,-85.05668,1299,True,26,False
PRV-1612,Dermatology,Specialty,South Suburban,Suburban,39.9358,-85.02841,1482,True,6,False
PRV-1613,Dermatology,Specialty,South Suburban,Suburban,39.78131,-84.93338,1198,True,14,True
PRV-1614,General Surgery,Specialty,South Suburban,Suburban,39.89979,-85.05637,1071,True,6,True
PRV-1615,General Surgery,Specialty,South Suburban,Suburban,39.86138,-85.05419,1430,True,2,False
PRV-1616,General Surgery,Specialty,South Suburban,Suburban,39.79386,-85.07595,1120,True,19,True
PRV-1617,General Surgery,Specialty,South Suburban,Suburban,39.76053,-85.00898,1576,False,8,True
PRV-1618,General Surgery,Specialty,South Suburban,Suburban,39.85263,-85.00621,1194,True,8,False
PRV-1619,Neurology,Specialty,South Suburban,Suburban,39.76579,-85.10477,1015,True,75,False
PRV-1620,Neurology,Specialty,South Suburban,Suburban,39.72668,-85.05425,1085,True,32,True
PRV-1621,Neurology,Specialty,South Suburban,Suburban,39.70081,-84.85714,871,False,32,False
PRV-1622,Primary Care,Primary Care,Millbrook County,Rural,39.60639,-85.50497,1778,True,1,True
PRV-1623,Primary Care,Primary Care,Millbrook County,Rural,39.67886,-85.64663,1940,True,1,False
PRV-1624,Primary Care,Primary Care,Millbrook County,Rural,39.61957,-85.7722,2027,True,4,False
PRV-1625,Primary Care,Primary Care,Millbrook County,Rural,40.03003,-85.37246,1638,True,10,False
PRV-1626,Primary Care,Primary Care,Millbrook County,Rural,39.69863,-85.48942,1380,True,7,True
PRV-1627,Primary Care,Primary Care,Millbrook County,Rural,39.98973,-85.25736,1764,True,1,False
PRV-1628,Primary Care,Primary Care,Millbrook County,Rural,40.02785,-85.38124,1995,True,11,True
PRV-1629,Primary Care,Primary Care,Millbrook County,Rural,39.73442,-85.80838,2145,True,19,True
PRV-1630,Primary Care,Primary Care,Millbrook County,Rural,39.34438,-85.39493,1526,True,8,False
PRV-1631,OB/GYN,Primary Care,Millbrook County,Rural,39.49757,-85.60083,1785,True,31,True
PRV-1632,OB/GYN,Primary Care,Millbrook County,Rural,39.5878,-85.82348,1667,True,30,True
PRV-1633,Behavioral Health,Behavioral,Millbrook County,Rural,39.40929,-85.17808,1083,True,23,True
PRV-1634,Behavioral Health,Behavioral,Millbrook County,Rural,39.28722,-85.60305,923,True,10,True
PRV-1635,Cardiology,Specialty,Millbrook County,Rural,39.2713,-85.46169,1268,True,5,False
PRV-1636,Orthopedics,Specialty,Millbrook County,Rural,39.50696,-85.27002,1364,True,4,False
PRV-1637,Dermatology,Specialty,Millbrook County,Rural,39.37554,-85.42771,1404,True,11,False
PRV-1638,General Surgery,Specialty,Millbrook County,Rural,39.4309,-85.50431,1306,True,4,False
PRV-1639,Primary Care,Primary Care,Cedar Ridge Cty,Rural,40.29109,-85.72667,1785,False,9,True
PRV-1640,Primary Care,Primary Care,Cedar Ridge Cty,Rural,40.56696,-85.48153,2455,True,8,False
PRV-1641,Primary Care,Primary Care,Cedar Ridge Cty,Rural,40.18495,-85.20716,1938,True,13,True
PRV-1642,Primary Care,Primary Care,Cedar Ridge Cty,Rural,40.5168,-85.51435,1916,True,9,True
PRV-1643,Primary Care,Primary Care,Cedar Ridge Cty,Rural,40.20898,-85.22737,1713,True,4,False
PRV-1644,Primary Care,Primary Care,Cedar Ridge Cty,Rural,40.18824,-85.81336,1670,True,10,True
PRV-1645,Primary Care,Primary Care,Cedar Ridge Cty,Rural,40.23995,-85.92737,2015,True,15,True
PRV-1646,Primary Care,Primary Care,Cedar Ridge Cty,Rural,40.5149,-85.82177,1729,False,4,True
PRV-1647,Primary Care,Primary Care,Cedar Ridge Cty,Rural,40.18529,-85.57992,1756,True,14,False
PRV-1648,OB/GYN,Primary Care,Cedar Ridge Cty,Rural,40.11763,-85.52996,1733,True,13,False
PRV-1649,OB/GYN,Primary Care,Cedar Ridge Cty,Rural,40.39152,-85.75492,1565,True,30,False
PRV-1650,Behavioral Health,Behavioral,Cedar Ridge Cty,Rural,40.3483,-85.51941,750,True,11,False
PRV-1651,Behavioral Health,Behavioral,Cedar Ridge Cty,Rural,40.40991,-86.00762,902,False,10,False
PRV-1652,Cardiology,Specialty,Cedar Ridge Cty,Rural,40.62342,-85.56994,1078,True,10,True
PRV-1653,Orthopedics,Specialty,Cedar Ridge Cty,Rural,40.74183,-85.24281,1454,True,15,True
PRV-1654,Dermatology,Specialty,Cedar Ridge Cty,Rural,40.28252,-85.45829,1352,True,14,False
PRV-1655,General Surgery,Specialty,Cedar Ridge Cty,Rural,39.67393,-85.56064,1038,False,16,True
PRV-1656,Primary Care,Primary Care,Prairie County,Rural,40.08128,-84.3315,1897,True,11,False
PRV-1657,Primary Care,Primary Care,Prairie County,Rural,39.61503,-84.23259,1840,True,6,True
PRV-1658,Primary Care,Primary Care,Prairie County,Rural,39.82288,-84.28871,1676,True,18,False
PRV-1659,Primary Care,Primary Care,Prairie County,Rural,39.77282,-84.46439,1702,True,13,False
PRV-1660,Primary Care,Primary Care,Prairie County,Rural,40.1359,-84.23663,1950,True,8,False
PRV-1661,Primary Care,Primary Care,Prairie County,Rural,39.48727,-84.11465,1826,True,4,False
PRV-1662,Primary Care,Primary Care,Prairie County,Rural,39.57348,-84.52118,1529,True,20,True
PRV-1663,Primary Care,Primary Care,Prairie County,Rural,39.47668,-84.40922,2296,True,8,False
PRV-1664,Primary Care,Primary Care,Prairie County,Rural,39.89316,-84.55362,1377,False,4,False
PRV-1665,OB/GYN,Primary Care,Prairie County,Rural,39.78891,-84.66387,1841,False,10,True
PRV-1666,OB/GYN,Primary Care,Prairie County,Rural,39.71582,-84.40931,1327,True,8,True
PRV-1667,Behavioral Health,Behavioral,Prairie County,Rural,39.51218,-84.18178,919,False,25,False
PRV-1668,Behavioral Health,Behavioral,Prairie County,Rural,39.73551,-84.53662,851,True,10,False
PRV-1669,Cardiology,Specialty,Prairie County,Rural,40.27456,-84.20515,1533,True,34,True
PRV-1670,Orthopedics,Specialty,Prairie County,Rural,39.69749,-84.49815,1353,True,17,False
PRV-1671,Dermatology,Specialty,Prairie County,Rural,39.89576,-84.6067,1421,True,11,False
PRV-1672,General Surgery,Specialty,Prairie County,Rural,39.57719,-84.55597,1164,True,4,False
